include,phrase,lang,engine,funnel,intent,cluster,freq_yandex,google_ads,рекомендация
✓,налоги продавца на маркетплейсе в узбекистане,ru,донор,середина,informational,C15 Маркетплейс,1867,,hub
✓,как стать продавцом на узум маркет,ru,донор,верх,informational,C15 Маркетплейс,1646,,hub
✓,как иностранцу стать продавцом на маркетплейсе в узбекистане,ru,донор,верх,informational,C15 Маркетплейс,1390,,hub
✓,какие документы нужны чтобы продавать на узум,ru,донор,середина,informational,C15 Маркетплейс,1308,,hub
✓,самозанятость для торговли на маркетплейсе в узбекистане,ru,донор,низ,informational,C15 Маркетплейс,1215,,hub
✓,налогообложение торговли на маркетплейсе узбекистан,ru,донор,середина,informational,C15 Маркетплейс,825,,hub
✓,переехать в узбекистан торговать на маркетплейсе,ru,донор,верх,transactional,C15 Маркетплейс,811,,money
✓,релокация в узбекистан для торговли на узум,ru,донор,верх,transactional,C15 Маркетплейс,786,,money
✓,документы для выхода на маркетплейс в узбекистане,ru,донор,середина,informational,C15 Маркетплейс,568,,hub
✓,документы иностранцу для торговли на узум,ru,донор,середина,informational,C15 Маркетплейс,448,,hub
✓,какое ооо или ип открыть для маркетплейса в узбекистане,ru,донор,низ,transactional,C15 Маркетплейс,445,,money
✓,регистрация бизнеса для выхода на узум,ru,донор,низ,transactional,C15 Маркетплейс,387,,money
✓,как выйти на узум маркет,ru,донор,верх,informational,C15 Маркетплейс,350,,hub
✓,ндс для продавца на маркетплейсе в узбекистане,ru,донор,середина,informational,C15 Маркетплейс,336,,hub
✓,селлер на маркетплейсах узбекистана с чего начать,ru,донор,верх,informational,C15 Маркетплейс,249,,hub
✓,вид деятельности (оквэд) для маркетплейса в узбекистане,ru,донор,низ,informational,C15 Маркетплейс,209,,hub
✓,какую форму бизнеса выбрать для торговли на узум,ru,донор,низ,transactional,C15 Маркетплейс,169,,money
✓,какой налог платит селлер на узум,ru,донор,середина,informational,C15 Маркетплейс,160,,hub
✓,как начать торговать на узум из россии,ru,донор,верх,informational,C15 Маркетплейс,155,,hub
✓,с какой суммы селлер платит налог в узбекистане,ru,донор,середина,informational,C15 Маркетплейс,108,,hub
✓,как принимать выплаты с узум маркет иностранцу,ru,донор,низ,informational,C15 Маркетплейс,67,,hub
✓,расчетный счет для маркетплейса в узбекистане,ru,донор,низ,transactional,C15 Маркетплейс,67,,money
✓,какой счет нужен для торговли на узум,ru,донор,низ,transactional,C15 Маркетплейс,3,,money
✓,документы для регистрации ооо,ru,,низ,transactional,C1 Регистрация,,,money
✓,зарегистрировать ооо в узбекистане,ru,ru,низ,transactional,C1 Регистрация,8,,money
✓,как открыть компанию,ru,,верх,informational,C1 Регистрация,,,hub
✓,как открыть компанию в узбекистане гражданину россии,ru,Я,низ,transactional,C1 Регистрация,9,,money
✓,как открыть фирму,ru,,верх,informational,C1 Регистрация,,,hub
✓,как регистрация ооо,ru,,верх,informational,C1 Регистрация,,,hub
✓,консультация по открытию бизнеса,ru,ru,низ,transactional,C1 Регистрация,117,,money
✓,ооо в узбекистане,ru,ru,низ,transactional,C1 Регистрация,649,,money
✓,ооо или ип,ru,,низ,transactional,C1 Регистрация,,,money
✓,ооо сколько стоит открыть,ru,ru,низ,transactional,C1 Регистрация,482,,money
✓,ооо узбекистан,ru,ru,низ,transactional,C1 Регистрация,2365,,money
✓,открытие компании в узбекистане,ru,ru,низ,transactional,C1 Регистрация,19,,money
✓,открытие ооо в узбекистане,ru,ru,низ,transactional,C1 Регистрация,13,,money
✓,открытие фирмы в узбекистане,ru,ru,низ,transactional,C1 Регистрация,6,,money
✓,открыть компанию,ru,,низ,transactional,C1 Регистрация,,,money
✓,открыть компанию в узбекистане,ru,ru,низ,transactional,C1 Регистрация,73,,money
✓,открыть компанию в узбекистане для россиян,ru,Я,низ,transactional,C1 Регистрация,7,,money
✓,открыть компанию для иностранца,ru,,верх,informational,C1 Регистрация,,,hub
✓,открыть компанию для нерезидента,ru,,верх,informational,C1 Регистрация,,,hub
✓,открыть компанию документы,ru,,верх,informational,C1 Регистрация,,,hub
✓,открыть компанию под ключ,ru,,верх,informational,C1 Регистрация,,,hub
✓,открыть компанию пошагово,ru,,верх,informational,C1 Регистрация,,,hub
✓,открыть компанию сроки,ru,,верх,informational,C1 Регистрация,,,hub
✓,открыть компанию удаленно,ru,,верх,informational,C1 Регистрация,,,hub
✓,открыть компанию цена,ru,,верх,informational,C1 Регистрация,,,hub
✓,открыть ооо,ru,,низ,transactional,C1 Регистрация,,,money
✓,открыть ооо без ндс,ru,ru,низ,transactional,C1 Регистрация,46,,money
✓,открыть ооо в ташкенте,ru,ru,низ,transactional,C1 Регистрация,6,,money
✓,открыть ооо в узбекистане,ru,ru,низ,transactional,C1 Регистрация,48,,money
✓,открыть ооо в узбекистане гражданину россии,ru,Я,низ,transactional,C1 Регистрация,18,,money
✓,открыть ооо самостоятельно,ru,,низ,transactional,C1 Регистрация,,,money
✓,открыть фирму,ru,ru,низ,transactional,C1 Регистрация,10349,,money
✓,открыть фирму в ташкенте,ru,ru,низ,transactional,C1 Регистрация,0,,money
✓,открыть фирму в узбекистане,ru,ru,низ,transactional,C1 Регистрация,23,,money
✓,открыть фирму в узбекистане иностранцу,ru,ru,низ,transactional,C1 Регистрация,0,,money
✓,открыть фирму для иностранца,ru,,верх,informational,C1 Регистрация,,,hub
✓,открыть фирму для нерезидента,ru,,верх,informational,C1 Регистрация,,,hub
✓,открыть фирму документы,ru,,верх,informational,C1 Регистрация,,,hub
✓,открыть фирму под ключ,ru,,верх,informational,C1 Регистрация,,,hub
✓,открыть фирму пошагово,ru,,верх,informational,C1 Регистрация,,,hub
✓,открыть фирму самостоятельно,ru,,верх,informational,C1 Регистрация,,,hub
✓,открыть фирму сроки,ru,,верх,informational,C1 Регистрация,,,hub
✓,открыть фирму удаленно,ru,,верх,informational,C1 Регистрация,,,hub
✓,открыть фирму цена,ru,,верх,informational,C1 Регистрация,,,hub
✓,открыть юрлицо,ru,,низ,transactional,C1 Регистрация,,,money
✓,открыть юрлицо в узбекистане,ru,ru,низ,transactional,C1 Регистрация,2,,money
✓,оформление бизнеса,ru,ru,низ,transactional,C1 Регистрация,4098,,money
✓,оформление ооо,ru,ru,низ,transactional,C1 Регистрация,6100,,money
✓,помощь в регистрации бизнеса,ru,ru,низ,transactional,C1 Регистрация,108,,money
✓,помощь в регистрации ооо,ru,ru,низ,transactional,C1 Регистрация,53,,money
✓,помощь в регистрации юр лица,ru,ru,низ,transactional,C1 Регистрация,7,,money
✓,регистрация бизнеса,ru,,низ,transactional,C1 Регистрация,,,money
✓,регистрация бизнеса в узбекистане,ru,ru,низ,transactional,C1 Регистрация,5,,money
✓,регистрация компании,ru,ru,низ,transactional,C1 Регистрация,17456,,money
✓,регистрация компании в ташкенте,ru,ru,низ,transactional,C1 Регистрация,0,,money
✓,регистрация компании в узбекистане,ru,ru,низ,transactional,C1 Регистрация,18,,money
✓,регистрация ооо,ru,ru,низ,transactional,C1 Регистрация,43748,,money
✓,регистрация ооо в узбекистане,ru,Я,низ,transactional,C1 Регистрация,17,,money
✓,регистрация ооо для иностранца,ru,,верх,informational,C1 Регистрация,,,hub
✓,регистрация ооо для нерезидента,ru,,низ,transactional,C1 Регистрация,,,money
✓,регистрация ооо документы,ru,,верх,informational,C1 Регистрация,,,hub
✓,регистрация ооо иностранцем,ru,,низ,transactional,C1 Регистрация,,,money
✓,регистрация ооо какие документы нужны,ru,ru,низ,transactional,C1 Регистрация,399,,money
✓,регистрация ооо онлайн,ru,,низ,transactional,C1 Регистрация,,,money
✓,регистрация ооо под ключ,ru,ru,низ,transactional,C1 Регистрация,131,,money
✓,регистрация ооо пошагово,ru,,низ,transactional,C1 Регистрация,,,money
✓,регистрация ооо сроки,ru,,верх,informational,C1 Регистрация,,,hub
✓,регистрация ооо удаленно,ru,,низ,transactional,C1 Регистрация,,,money
✓,регистрация ооо цена,ru,,верх,informational,C1 Регистрация,,,hub
✓,регистрация предприятия в узбекистане,ru,ru,низ,transactional,C1 Регистрация,4,,money
✓,регистрация стартапа,ru,ru,низ,transactional,C1 Регистрация,176,,money
✓,регистрация фирмы,ru,ru,низ,transactional,C1 Регистрация,2833,,money
✓,регистрация фирмы в ташкенте,ru,ru,низ,transactional,C1 Регистрация,0,,money
✓,сервис регистрации бизнеса,ru,ru,низ,transactional,C1 Регистрация,4032,,money
✓,сколько стоит открыть компанию,ru,,верх,informational,C1 Регистрация,,,hub
✓,сколько стоит открыть ооо,ru,,низ,transactional,C1 Регистрация,,,money
✓,сколько стоит открыть фирму,ru,,верх,informational,C1 Регистрация,,,hub
✓,сколько стоит регистрация ооо,ru,,верх,informational,C1 Регистрация,,,hub
✓,узбекистан открыть компанию,ru,Я,низ,transactional,C1 Регистрация,90,,money
✓,узбекистан открыть ооо,ru,Я,низ,transactional,C1 Регистрация,60,,money
✓,узбекистан регистрация компании,ru,Я,низ,transactional,C1 Регистрация,43,,money
✓,уставный капитал ооо,ru,,низ,transactional,C1 Регистрация,,,money
✓,учредительные документы ооо,ru,,низ,transactional,C1 Регистрация,,,money
✓,цена регистрации ооо,ru,ru,низ,transactional,C1 Регистрация,194,,money
✓,как получить лицензия в узбекистане,ru,,верх,informational,C10 Лицензии,,,hub
✓,какие виды деятельности подлежат лицензированию в узбекистане,ru,ru,верх,informational,C10 Лицензии,0,,hub
✓,какие виды деятельности требуют лицензии в узбекистане,ru,,верх,informational,C10 Лицензии,,,hub
✓,лицензируемые виды деятельности в узбекистане,ru,,верх,informational,C10 Лицензии,,,hub
✓,лицензируемые виды деятельности узбекистан,ru,ru,верх,informational,C10 Лицензии,0,,hub
✓,лицензия в узбекистане на какие виды деятельности,ru,,верх,informational,C10 Лицензии,,,hub
✓,нужна ли лицензия в узбекистане,ru,,верх,informational,C10 Лицензии,,,hub
✓,по каким бизнесам требуется лицензия в узбекистане,ru,ru,верх,informational,C10 Лицензии,0,,hub
✓,получение лицензии в узбекистане,ru,,верх,informational,C10 Лицензии,,,hub
✓,сколько стоит лицензия в узбекистане,ru,,верх,informational,C10 Лицензии,,,hub
✓,кадровое делопроизводство,ru,,верх,informational,C11 Персонал,,,hub
✓,как оформить найм сотрудников,ru,,верх,informational,C11 Персонал,,,hub
✓,как оформить сотрудника в узбекистане,ru,ru,верх,informational,C11 Персонал,1,,hub
✓,как оформить трудовой договор,ru,,верх,informational,C11 Персонал,,,hub
✓,найм сотрудников,ru,,верх,informational,C11 Персонал,,,hub
✓,найм сотрудников в узбекистане,ru,ru,верх,informational,C11 Персонал,5,,hub
✓,найм сотрудников образец,ru,,верх,informational,C11 Персонал,,,hub
✓,найм сотрудников с иностранцем,ru,,верх,informational,C11 Персонал,,,hub
✓,найм сотрудников сроки,ru,,верх,informational,C11 Персонал,,,hub
✓,оформление сотрудника,ru,,верх,informational,C11 Персонал,,,hub
✓,правила найма иностранных работников в узбекистане,ru,ru,верх,informational,C11 Персонал,0,,hub
✓,прием на работу,ru,,верх,informational,C11 Персонал,,,hub
✓,трудовое законодательство,ru,,верх,informational,C11 Персонал,,,hub
✓,трудовое законодательство узбекистана,ru,ru,верх,informational,C11 Персонал,33,,hub
✓,трудовой договор,ru,,верх,informational,C11 Персонал,,,hub
✓,трудовой договор в узбекистане,ru,ru,верх,informational,C11 Персонал,452,,hub
✓,трудовой договор образец,ru,,верх,informational,C11 Персонал,,,hub
✓,трудовой договор с иностранцем,ru,,верх,informational,C11 Персонал,,,hub
✓,трудовой договор сроки,ru,,верх,informational,C11 Персонал,,,hub
✓,бизнес в узбекистане,ru,Я,верх,transactional,C12 ВНЖ/релокация,716,,money
✓,бизнес в узбекистане для россиян,ru,Я,верх,informational,C12 ВНЖ/релокация,12,,hub
✓,бизнес в узбекистане какие препятствия,ru,Я,верх,informational,C12 ВНЖ/релокация,5,,hub
✓,вид на жительство в узбекистане,ru,,низ,transactional,C12 ВНЖ/релокация,,,money
✓,внж в узбекистане,ru,Я,низ,transactional,C12 ВНЖ/релокация,1075,,money
✓,внж в узбекистане для россиян,ru,,низ,transactional,C12 ВНЖ/релокация,,,money
✓,внж в узбекистане для россиян как получить,ru,Я,верх,informational,C12 ВНЖ/релокация,26,,hub
✓,внж срок узбекистан,ru,Я,низ,transactional,C12 ВНЖ/релокация,39,,money
✓,внж узбекистан 2026,ru,Я,низ,transactional,C12 ВНЖ/релокация,125,,money
✓,внж узбекистан для россиян,ru,Я,низ,transactional,C12 ВНЖ/релокация,191,,money
✓,внж узбекистан для россиян 2026,ru,Я,низ,transactional,C12 ВНЖ/релокация,35,,money
✓,внж узбекистан документы,ru,Я,верх,informational,C12 ВНЖ/релокация,138,,hub
✓,внж узбекистан через ип,ru,Я,низ,transactional,C12 ВНЖ/релокация,8,,money
✓,гражданство узбекистана,ru,,низ,transactional,C12 ВНЖ/релокация,,,money
✓,идея для бизнеса в узбекистане,ru,Я,верх,informational,C12 ВНЖ/релокация,10,,hub
✓,как можно получить внж в узбекистане,ru,Я,низ,transactional,C12 ВНЖ/релокация,12,,money
✓,как обстоят дела с бизнесом в узбекистане,ru,Я,верх,informational,C12 ВНЖ/релокация,5,,hub
✓,как открыть бизнес в узбекистане,ru,Я,низ,transactional,C12 ВНЖ/релокация,20,,money
✓,как получить внж в узбекистане,ru,,низ,transactional,C12 ВНЖ/релокация,,,money
✓,как получить внж в узбекистане гражданину россии,ru,Я,низ,transactional,C12 ВНЖ/релокация,77,,money
✓,как получить внж узбекистана,ru,Я,низ,transactional,C12 ВНЖ/релокация,287,,money
✓,какие документы нужны для внж узбекистана,ru,Я,верх,informational,C12 ВНЖ/релокация,44,,hub
✓,какой бизнес можно открыть в узбекистане,ru,Я,низ,transactional,C12 ВНЖ/релокация,13,,money
✓,какой бизнес открыть в узбекистане,ru,Я,низ,transactional,C12 ВНЖ/релокация,36,,money
✓,купить внж узбекистана,ru,Я,низ,transactional,C12 ВНЖ/релокация,13,,money
✓,основание внж узбекистан,ru,Я,низ,transactional,C12 ВНЖ/релокация,70,,money
✓,оформить внж в узбекистане,ru,Я,низ,transactional,C12 ВНЖ/релокация,43,,money
✓,оформление внж узбекистана,ru,Я,низ,transactional,C12 ВНЖ/релокация,25,,money
✓,переезд в узбекистан,ru,,низ,transactional,C12 ВНЖ/релокация,,,money
✓,получение внж узбекистан,ru,Я,низ,transactional,C12 ВНЖ/релокация,149,,money
✓,релокация бизнеса в узбекистан,ru,,низ,transactional,C12 ВНЖ/релокация,,,money
✓,релокация в узбекистан,ru,Я,низ,transactional,C12 ВНЖ/релокация,47,,money
✓,релокация в узбекистан из россии,ru,Я,низ,transactional,C12 ВНЖ/релокация,21,,money
✓,самозанятость с внж узбекистана,ru,Я,низ,transactional,C12 ВНЖ/релокация,10,,money
✓,хороший бизнес в узбекистане,ru,Я,верх,informational,C12 ВНЖ/релокация,10,,hub
✓,что дает внж узбекистана,ru,Я,верх,informational,C12 ВНЖ/релокация,6,,hub
✓,валютный контроль,ru,,верх,informational,C13 ВЭД,,,hub
✓,вэд для ооо,ru,,верх,informational,C13 ВЭД,,,hub
✓,как принимать оплату из за рубежа,ru,Я,верх,informational,C13 ВЭД,158,,hub
✓,как принимать оплату из-за рубежа,ru,,верх,informational,C13 ВЭД,,,hub
✓,международные расчеты,ru,,верх,informational,C13 ВЭД,,,hub
✓,международные расчеты валютный контроль,ru,,верх,informational,C13 ВЭД,,,hub
✓,международные расчеты для ооо,ru,,верх,informational,C13 ВЭД,,,hub
✓,платежи зарубежным подрядчикам,ru,,верх,informational,C13 ВЭД,,,hub
✓,экспорт услуг,ru,,верх,informational,C13 ВЭД,,,hub
✓,ассоциации предпринимателей узбекистана,ru,ru,верх,informational,C14 Сообщества,6,,hub
✓,бизнес сообщества узбекистана,ru,ru,верх,informational,C14 Сообщества,2,,hub
✓,торгово-промышленная палата узбекистана,ru,ru,верх,informational,C14 Сообщества,70,,hub
✓,100% иностранное ооо,ru,,низ,transactional,C3 Нерезидент,,,money
✓,директор-иностранец,ru,,низ,transactional,C3 Нерезидент,,,money
✓,иностранное предприятие,ru,,низ,transactional,C3 Нерезидент,,,money
✓,иностранное предприятие документы,ru,,верх,informational,C3 Нерезидент,,,hub
✓,иностранное предприятие налоги,ru,,верх,informational,C3 Нерезидент,,,hub
✓,иностранное предприятие пошагово,ru,,верх,informational,C3 Нерезидент,,,hub
✓,иностранное предприятие узбекистан,ru,Я,низ,commercial,C3 Нерезидент,32,,money
✓,как открыть иностранное предприятие,ru,,верх,informational,C3 Нерезидент,,,hub
✓,ооо с иностранным учредителем,ru,,низ,transactional,C3 Нерезидент,,,money
✓,открыть компанию в узбекистане нерезиденту,ru,ru,низ,transactional,C3 Нерезидент,2,,money
✓,открыть компанию для россиян,ru,,низ,transactional,C3 Нерезидент,,,money
✓,открыть компанию нерезиденту,ru,,низ,transactional,C3 Нерезидент,,,money
✓,регистрация иностранное предприятие,ru,,верх,informational,C3 Нерезидент,,,hub
✓,регистрация ооо нерезидентом,ru,,низ,transactional,C3 Нерезидент,,,money
✓,узбекистан ип ооо,ru,Я,верх,informational,C3 Нерезидент,94,,hub
✓,ит парк узбекистан,ru,Я,верх,informational,C4 IT Park,64,,hub
✓,резидент ит парка,ru,Я,низ,commercial,C4 IT Park,66,,money
✓,адрес регистрации ип,ru,ru,низ,transactional,C5 Юр.адрес,6257,,money
✓,адрес юридический,ru,ru,низ,transactional,C5 Юр.адрес,472976,,money
✓,аренда офиса для регистрации ооо,ru,ru,низ,transactional,C5 Юр.адрес,22,,money
✓,аренда помещения под юридический адрес,ru,ru,низ,transactional,C5 Юр.адрес,50,,money
✓,аренда юридического адреса,ru,ru,низ,commercial,C5 Юр.адрес,2626,,money
✓,арендовать юридический адрес,ru,,верх,informational,C5 Юр.адрес,,,hub
✓,купить юридический адрес,ru,ru,низ,commercial,C5 Юр.адрес,1182,,money
✓,не массовый юридический адрес,ru,,низ,commercial,C5 Юр.адрес,,,money
✓,предоставление юридического адреса,ru,ru,низ,commercial,C5 Юр.адрес,1909,,money
✓,регистрация юр адреса,ru,ru,низ,transactional,C5 Юр.адрес,2561,,money
✓,регистрация юридического адреса ооо,ru,ru,низ,transactional,C5 Юр.адрес,1565,,money
✓,смена юридического адреса,ru,,низ,commercial,C5 Юр.адрес,,,money
✓,юр адрес аренда,ru,ru,низ,transactional,C5 Юр.адрес,1705,,money
✓,юр адрес для ооо,ru,ru,низ,transactional,C5 Юр.адрес,1136,,money
✓,юридические адреса,ru,ru,низ,transactional,C5 Юр.адрес,472953,,money
✓,юридический адрес,ru,ru,низ,commercial,C5 Юр.адрес,472976,,money
✓,юридический адрес в аренду,ru,ru,низ,transactional,C5 Юр.адрес,963,,money
✓,юридический адрес для ип,ru,ru,низ,transactional,C5 Юр.адрес,586,,money
✓,юридический адрес для ооо,ru,ru,низ,commercial,C5 Юр.адрес,2567,,money
✓,юридический адрес для регистрации,ru,,низ,commercial,C5 Юр.адрес,,,money
✓,юридический адрес для регистрации ооо,ru,ru,низ,transactional,C5 Юр.адрес,730,,money
✓,юридический адрес на год,ru,,верх,informational,C5 Юр.адрес,,,hub
✓,юридический адрес ооо ташкент,ru,ru,низ,transactional,C5 Юр.адрес,19,,money
✓,юридический адрес под ндс,ru,,низ,commercial,C5 Юр.адрес,,,money
✓,юридический адрес под регистрацию,ru,ru,низ,transactional,C5 Юр.адрес,42,,money
✓,юридический адрес ташкент,ru,Я,низ,commercial,C5 Юр.адрес,31,,money
✓,юридический адрес цена,ru,,верх,informational,C5 Юр.адрес,,,hub
✓,аренда офиса,ru,,низ,commercial,C5+ Офис,,,money
✓,аренда офиса в ташкенте,ru,ru,низ,commercial,C5+ Офис,35,,money
✓,аренда офиса цена,ru,,верх,informational,C5+ Офис,,,hub
✓,аренда помещения под офис,ru,,низ,commercial,C5+ Офис,,,money
✓,виртуальный офис,ru,,низ,commercial,C5+ Офис,,,money
✓,коворкинг,ru,,низ,commercial,C5+ Офис,,,money
✓,коворкинг в ташкенте,ru,,верх,informational,C5+ Офис,,,hub
✓,коворкинг ташкент,ru,ru,низ,commercial,C5+ Офис,18,,money
✓,коворкинг цена,ru,,верх,informational,C5+ Офис,,,hub
✓,офис в ташкенте,ru,,низ,commercial,C5+ Офис,,,money
✓,аутсорсинг бухгалтерии,ru,,низ,commercial,C6 Бухгалтерия,,,money
✓,аутсорсинг бухгалтерии в узбекистане,ru,ru,низ,commercial,C6 Бухгалтерия,0,,money
✓,аутсорсинг бухгалтерии для ип,ru,,верх,informational,C6 Бухгалтерия,,,hub
✓,аутсорсинг бухгалтерии для ооо,ru,,верх,informational,C6 Бухгалтерия,,,hub
✓,аутсорсинг бухгалтерии цена,ru,,верх,informational,C6 Бухгалтерия,,,hub
✓,бухгалтера узбекистана,ru,Я,низ,commercial,C6 Бухгалтерия,99,,money
✓,бухгалтерские услуги,ru,,низ,commercial,C6 Бухгалтерия,,,money
✓,бухгалтерское обслуживание,ru,,низ,commercial,C6 Бухгалтерия,,,money
✓,бухгалтерское обслуживание для ип,ru,,верх,informational,C6 Бухгалтерия,,,hub
✓,бухгалтерское обслуживание для ооо,ru,,верх,informational,C6 Бухгалтерия,,,hub
✓,бухгалтерское обслуживание цена,ru,,верх,informational,C6 Бухгалтерия,,,hub
✓,бухгалтерское сопровождение в узбекистане,ru,ru,низ,commercial,C6 Бухгалтерия,1,,money
✓,ведение бухгалтерии ооо,ru,,низ,commercial,C6 Бухгалтерия,,,money
✓,восстановление бухучета,ru,,низ,commercial,C6 Бухгалтерия,,,money
✓,как подать декларацию о доходах в узбекистане,ru,ru,верх,informational,C6 Бухгалтерия,0,,hub
✓,налоговая отчетность,ru,,низ,commercial,C6 Бухгалтерия,,,money
✓,налоговая отчетность узбекистан сроки,ru,ru,верх,informational,C6 Бухгалтерия,2,,hub
✓,нулевая отчетность,ru,,низ,commercial,C6 Бухгалтерия,,,money
✓,подача налоговой декларации,ru,,низ,commercial,C6 Бухгалтерия,,,money
✓,подача налоговой декларации в узбекистане,ru,ru,верх,informational,C6 Бухгалтерия,0,,hub
✓,сдача отчетности,ru,,низ,commercial,C6 Бухгалтерия,,,money
✓,сколько стоит аутсорсинг бухгалтерии,ru,,верх,informational,C6 Бухгалтерия,,,hub
✓,сколько стоит бухгалтерское обслуживание,ru,,верх,informational,C6 Бухгалтерия,,,hub
✓,без ндс узбекистан,ru,Я,верх,informational,C7 Налоги,55,,hub
✓,виды налогов в узбекистане,ru,Я,верх,informational,C7 Налоги,17,,hub
✓,городской налог в узбекистане,ru,Я,верх,informational,C7 Налоги,33,,hub
✓,есть ли в узбекистане ндс,ru,Я,верх,informational,C7 Налоги,14,,hub
✓,импорт узбекистан ндс,ru,Я,верх,informational,C7 Налоги,61,,hub
✓,как оплатить налог узбекистан,ru,Я,верх,informational,C7 Налоги,12,,hub
✓,как считается налог на прибыль в узбекистане,ru,,верх,informational,C7 Налоги,,,hub
✓,как считается налог с оборота в узбекистане,ru,,верх,informational,C7 Налоги,,,hub
✓,как считается ндс в узбекистане,ru,,верх,informational,C7 Налоги,,,hub
✓,какая ставка ндс в узбекистане,ru,Я,верх,informational,C7 Налоги,39,,hub
✓,какие налоги в узбекистане,ru,Я,верх,informational,C7 Налоги,348,,hub
✓,какие налоги платит ип в узбекистане,ru,Я,верх,informational,C7 Налоги,7,,hub
✓,какие налоги платит ооо в узбекистане,ru,,верх,informational,C7 Налоги,,,hub
✓,какие налоги платят в узбекистане,ru,Я,верх,informational,C7 Налоги,104,,hub
✓,какой налог в узбекистане на доход,ru,Я,верх,informational,C7 Налоги,11,,hub
✓,какой налог на прибыль в узбекистане,ru,Я,верх,informational,C7 Налоги,11,,hub
✓,какой ндс в узбекистане,ru,Я,верх,informational,C7 Налоги,100,,hub
✓,код налогов узбекистан,ru,Я,верх,informational,C7 Налоги,287,,hub
✓,код ндс узбекистан,ru,Я,верх,informational,C7 Налоги,23,,hub
✓,кто платит налог на прибыль в узбекистане,ru,,верх,informational,C7 Налоги,,,hub
✓,кто платит налог с оборота в узбекистане,ru,,верх,informational,C7 Налоги,,,hub
✓,кто платит ндс в узбекистане,ru,,верх,informational,C7 Налоги,,,hub
✓,налог ип узбекистан,ru,Я,верх,informational,C7 Налоги,92,,hub
✓,налог на дивиденды узбекистан,ru,Я,верх,informational,C7 Налоги,8,,hub
✓,налог на доход нерезидента в узбекистане,ru,Я,низ,commercial,C7 Налоги,7,,money
✓,налог на доходы узбекистан,ru,Я,верх,informational,C7 Налоги,89,,hub
✓,налог на имущество узбекистан,ru,Я,верх,informational,C7 Налоги,54,,hub
✓,налог на прибыль в узбекистане,ru,Я,верх,informational,C7 Налоги,135,,hub
✓,налог на прибыль в узбекистане 2026,ru,Я,верх,informational,C7 Налоги,23,,hub
✓,налог на прибыль в узбекистане для ит парка,ru,,верх,informational,C7 Налоги,,,hub
✓,налог на прибыль в узбекистане для ооо,ru,,верх,informational,C7 Налоги,,,hub
✓,налог на прибыль узбекистан 2026,ru,ru,верх,informational,C7 Налоги,15,,hub
✓,налог нерезидентов узбекистан,ru,Я,низ,commercial,C7 Налоги,72,,money
✓,налог с оборота в узбекистане,ru,,верх,informational,C7 Налоги,,,hub
✓,налог с оборота в узбекистане 2026,ru,,верх,informational,C7 Налоги,,,hub
✓,налог с оборота в узбекистане для ит парка,ru,,верх,informational,C7 Налоги,,,hub
✓,налог с оборота в узбекистане для ооо,ru,,верх,informational,C7 Налоги,,,hub
✓,налог с оборота узбекистан,ru,Я,верх,informational,C7 Налоги,17,,hub
✓,налог узбекистан патент,ru,Я,верх,informational,C7 Налоги,100,,hub
✓,налог узбекистан сколько,ru,Я,верх,informational,C7 Налоги,149,,hub
✓,налоги в узбекистане,ru,Я,верх,informational,C7 Налоги,1475,,hub
✓,налоги в узбекистане 2026,ru,Я,верх,informational,C7 Налоги,199,,hub
✓,налоги в узбекистане в 2026 году,ru,Я,верх,informational,C7 Налоги,64,,hub
✓,налоги для ит парка,ru,,верх,informational,C7 Налоги,,,hub
✓,налоги для нерезидентов в узбекистане,ru,,верх,informational,C7 Налоги,,,hub
✓,налоги за работника узбекистана,ru,Я,верх,informational,C7 Налоги,18,,hub
✓,налоги ооо узбекистан,ru,Я,верх,informational,C7 Налоги,35,,hub
✓,налоги республики узбекистан,ru,Я,верх,informational,C7 Налоги,47,,hub
✓,налоги узбекистан 2026,ru,ru,верх,informational,C7 Налоги,33,,hub
✓,налоги узбекистан ндфл,ru,Я,верх,informational,C7 Налоги,47,,hub
✓,налогов кодекс узбекистан,ru,Я,верх,informational,C7 Налоги,168,,hub
✓,налоговый календарь узбекистан,ru,,верх,informational,C7 Налоги,,,hub
✓,ндс 2026 узбекистан,ru,,верх,informational,C7 Налоги,,,hub
✓,ндс в узбекистане,ru,Я,верх,informational,C7 Налоги,1001,,hub
✓,ндс в узбекистане 2026,ru,Я,верх,informational,C7 Налоги,183,,hub
✓,ндс в узбекистане в 2026 году,ru,Я,верх,informational,C7 Налоги,29,,hub
✓,ндс в узбекистане для ит парка,ru,,верх,informational,C7 Налоги,,,hub
✓,ндс в узбекистане для ооо,ru,,верх,informational,C7 Налоги,,,hub
✓,ндс налоги узбекистан,ru,Я,верх,informational,C7 Налоги,34,,hub
✓,ндс при экспорте в узбекистан,ru,Я,верх,informational,C7 Налоги,72,,hub
✓,ндс узбекистан 2026,ru,ru,верх,informational,C7 Налоги,15,,hub
✓,ндс узбекистан сколько,ru,Я,верх,informational,C7 Налоги,37,,hub
✓,ндс услуги узбекистан,ru,Я,низ,commercial,C7 Налоги,135,,money
✓,ндфл в узбекистане,ru,,верх,informational,C7 Налоги,,,hub
✓,оплата налогов узбекистан,ru,Я,верх,informational,C7 Налоги,49,,hub
✓,оусн в узбекистане,ru,,верх,informational,C7 Налоги,,,hub
✓,подоходный налог в узбекистане,ru,Я,верх,informational,C7 Налоги,24,,hub
✓,продажа в узбекистан ндс,ru,Я,верх,informational,C7 Налоги,70,,hub
✓,продажа лицензий на по в узбекистане ндс,ru,Я,верх,informational,C7 Налоги,7,,hub
✓,размер ндс в узбекистане,ru,Я,верх,informational,C7 Налоги,12,,hub
✓,реализация в узбекистан ндс,ru,Я,верх,informational,C7 Налоги,43,,hub
✓,социальный налог в узбекистане,ru,,верх,informational,C7 Налоги,,,hub
✓,социальный налог узбекистан,ru,Я,верх,informational,C7 Налоги,34,,hub
✓,ставка налог на прибыль в узбекистане,ru,,верх,informational,C7 Налоги,,,hub
✓,ставка налог с оборота в узбекистане,ru,,верх,informational,C7 Налоги,,,hub
✓,ставка налога на прибыль в узбекистане,ru,Я,верх,informational,C7 Налоги,28,,hub
✓,ставка ндс в узбекистане,ru,Я,верх,informational,C7 Налоги,247,,hub
✓,ставка ндс в узбекистане в 2026,ru,Я,верх,informational,C7 Налоги,53,,hub
✓,торговля с узбекистаном экспорт ндс,ru,Я,верх,informational,C7 Налоги,9,,hub
✓,узбекистан налог 1,ru,Я,верх,informational,C7 Налоги,27,,hub
✓,узбекистан налоги на зарплату,ru,Я,верх,informational,C7 Налоги,27,,hub
✓,узбекистан самозанятый налог,ru,Я,верх,informational,C7 Налоги,23,,hub
✓,узбекистан ставки налогов,ru,Я,верх,informational,C7 Налоги,120,,hub
✓,уплата налогов в узбекистане,ru,Я,верх,informational,C7 Налоги,33,,hub
✓,уплата ндс узбекистан,ru,Я,верх,informational,C7 Налоги,10,,hub
✓,упрощенка в узбекистане,ru,,верх,informational,C7 Налоги,,,hub
✓,экспорт в узбекистан налоги,ru,Я,верх,informational,C7 Налоги,16,,hub
✓,экспорт в узбекистан ставка ндс,ru,Я,верх,informational,C7 Налоги,102,,hub
✓,экспорт узбекистан ндс подтверждение,ru,Я,верх,informational,C7 Налоги,69,,hub
✓,как получить рабочая виза в узбекистан,ru,,верх,informational,C8 Разрешение/визы,,,hub
✓,как получить рабочую визу в узбекистане,ru,ru,верх,informational,C8 Разрешение/визы,15,,hub
✓,как получить разрешение на работу в узбекистане,ru,,верх,informational,C8 Разрешение/визы,,,hub
✓,рабочая виза в узбекистан,ru,,верх,informational,C8 Разрешение/визы,,,hub
✓,рабочая виза в узбекистан для иностранцев,ru,ru,верх,informational,C8 Разрешение/визы,0,,hub
✓,рабочая виза в узбекистан документы,ru,,верх,informational,C8 Разрешение/визы,,,hub
✓,рабочая виза в узбекистан сроки,ru,,верх,informational,C8 Разрешение/визы,,,hub
✓,разрешение на работу в узбекистане,ru,ru,верх,informational,C8 Разрешение/визы,142,,hub
✓,разрешение на работу в узбекистане для иностранцев,ru,,верх,informational,C8 Разрешение/визы,,,hub
✓,разрешение на работу в узбекистане документы,ru,,верх,informational,C8 Разрешение/визы,,,hub
✓,разрешение на работу в узбекистане сроки,ru,,верх,informational,C8 Разрешение/визы,,,hub
✓,разрешение на работу для иностранцев в узбекистане,ru,,верх,informational,C8 Разрешение/визы,,,hub
✓,разрешение на работу узбекистан,ru,Я,верх,informational,C8 Разрешение/визы,288,,hub
✓,регистрация иностранца в узбекистане,ru,,верх,informational,C8 Разрешение/визы,,,hub
✓,сколько дней иностранец может находиться в узбекистане,ru,ru,верх,informational,C8 Разрешение/визы,3,,hub
✓,сколько стоит рабочая виза в узбекистан,ru,,верх,informational,C8 Разрешение/визы,,,hub
✓,сколько стоит разрешение на работу в узбекистане,ru,,верх,informational,C8 Разрешение/визы,,,hub
✓,узбекистан нужно ли разрешение на работу,ru,Я,верх,informational,C8 Разрешение/визы,31,,hub
✓,в каком банке открыть счет,ru,,низ,transactional,C9 Счёт,,,money
✓,в каком банке узбекистана открыть счет,ru,Я,низ,transactional,C9 Счёт,41,,money
✓,в узбекистане открыт счет в банке,ru,Я,низ,transactional,C9 Счёт,142,,money
✓,валютный счет,ru,,низ,transactional,C9 Счёт,,,money
✓,как иностранцу открыть счёт для компании,ru,ru,низ,transactional,C9 Счёт,0,,money
✓,как открыть открыть расчетный счет,ru,,верх,informational,C9 Счёт,,,hub
✓,как открыть расчетный счет для ооо,ru,,верх,informational,C9 Счёт,,,hub
✓,как открыть счет в узбекистане,ru,Я,низ,transactional,C9 Счёт,101,,money
✓,как открыть счет в узбекистане россиянину,ru,Я,низ,transactional,C9 Счёт,30,,money
✓,корпоративный счет,ru,,низ,transactional,C9 Счёт,,,money
✓,лучший банк для бизнеса,ru,,низ,transactional,C9 Счёт,,,money
✓,лучший банк для бизнеса в узбекистане,ru,ru,низ,commercial,C9 Счёт,0,,money
✓,лучший банк для открытия счета иностранцу,ru,ru,низ,commercial,C9 Счёт,0,,money
✓,можно ли открыть счет в узбекистане,ru,Я,низ,transactional,C9 Счёт,52,,money
✓,открыть банковский счет в узбекистане,ru,Я,низ,transactional,C9 Счёт,18,,money
✓,открыть расчетный счет,ru,,низ,transactional,C9 Счёт,,,money
✓,открыть расчетный счет в каком банке,ru,,верх,informational,C9 Счёт,,,hub
✓,открыть расчетный счет для иностранца,ru,,верх,informational,C9 Счёт,,,hub
✓,открыть расчетный счет для нерезидента,ru,,верх,informational,C9 Счёт,,,hub
✓,открыть расчетный счет удаленно,ru,,верх,informational,C9 Счёт,,,hub
✓,открыть счет в банке узбекистана,ru,Я,низ,transactional,C9 Счёт,142,,money
✓,открыть счет в банке узбекистана россиянину,ru,Я,низ,transactional,C9 Счёт,11,,money
✓,открыть счет в узбекистане,ru,,низ,transactional,C9 Счёт,,,money
✓,открыть счет в узбекистане гражданину россии,ru,Я,низ,transactional,C9 Счёт,26,,money
✓,открыть счет для компании иностранцу,ru,,низ,transactional,C9 Счёт,,,money
✓,расчетный счет для ооо,ru,,низ,transactional,C9 Счёт,,,money
✓,расчетный счет для ооо в каком банке,ru,,верх,informational,C9 Счёт,,,hub
✓,расчетный счет для ооо для иностранца,ru,,верх,informational,C9 Счёт,,,hub
✓,расчетный счет для ооо для нерезидента,ru,,верх,informational,C9 Счёт,,,hub
✓,расчетный счет для ооо удаленно,ru,,верх,informational,C9 Счёт,,,hub
✓,company registration in uzbekistan,en,G,низ,transactional,C1/en,,✓,
✓,company registration in uzbekistan for foreigners,en,G,низ,transactional,C1/en,,,
✓,open company in uzbekistan,en,G,низ,transactional,C1/en,,,
✓,company registration uzbekistan from uae,en,G,низ,transactional,C1/en×гео,,,
✓,business setup uzbekistan,en,G,низ,commercial,C12/en,,✓,
✓,uzbekistan business consultants,en,G,низ,commercial,C12/en,,✓,
✓,legal address tashkent,en,G,низ,commercial,C5/en,,,
✓,virtual office address tashkent,en,G,низ,commercial,C5/en,,✓,
✓,it park uzbekistan,en,G,низ,commercial,C4/en,,,
✓,在乌兹别克斯坦注册公司 (регистрация компании),zh,G,низ,transactional,C1/zh,,,
✓,乌兹别克斯坦 IT Park (резидентство),zh,G,низ,commercial,C4/zh,,,
